type,date,close
FIFA,2004-01-01T00:00:00Z,1
FIFA,2004-02-01T00:00:00Z,1
FIFA,2004-03-01T00:00:00Z,1
FIFA,2004-04-01T00:00:00Z,1
FIFA,2004-05-01T00:00:00Z,1
FIFA,2004-06-01T00:00:00Z,1
FIFA,2004-07-01T00:00:00Z,1
FIFA,2004-08-01T00:00:00Z,1
FIFA,2004-09-01T00:00:00Z,1
FIFA,2004-10-01T00:00:00Z,1
FIFA,2004-11-01T00:00:00Z,1
FIFA,2004-12-01T00:00:00Z,1
FIFA,2005-01-01T00:00:00Z,1
FIFA,2005-02-01T00:00:00Z,1
FIFA,2005-03-01T00:00:00Z,1
FIFA,2005-04-01T00:00:00Z,1
FIFA,2005-05-01T00:00:00Z,1
FIFA,2005-06-01T00:00:00Z,2
FIFA,2005-07-01T00:00:00Z,1
FIFA,2005-08-01T00:00:00Z,1
FIFA,2005-09-01T00:00:00Z,1
FIFA,2005-10-01T00:00:00Z,2
FIFA,2005-11-01T00:00:00Z,1
FIFA,2005-12-01T00:00:00Z,2
FIFA,2006-01-01T00:00:00Z,1
FIFA,2006-02-01T00:00:00Z,1
FIFA,2006-03-01T00:00:00Z,1
FIFA,2006-04-01T00:00:00Z,1
FIFA,2006-05-01T00:00:00Z,3
FIFA,2006-06-01T00:00:00Z,24
FIFA,2006-07-01T00:00:00Z,8
FIFA,2006-08-01T00:00:00Z,1
FIFA,2006-09-01T00:00:00Z,1
FIFA,2006-10-01T00:00:00Z,1
FIFA,2006-11-01T00:00:00Z,1
FIFA,2006-12-01T00:00:00Z,1
FIFA,2007-01-01T00:00:00Z,1
FIFA,2007-02-01T00:00:00Z,1
FIFA,2007-03-01T00:00:00Z,1
FIFA,2007-04-01T00:00:00Z,1
FIFA,2007-05-01T00:00:00Z,1
FIFA,2007-06-01T00:00:00Z,1
FIFA,2007-07-01T00:00:00Z,2
FIFA,2007-08-01T00:00:00Z,1
FIFA,2007-09-01T00:00:00Z,2
FIFA,2007-10-01T00:00:00Z,2
FIFA,2007-11-01T00:00:00Z,1
FIFA,2007-12-01T00:00:00Z,1
FIFA,2008-01-01T00:00:00Z,1
FIFA,2008-02-01T00:00:00Z,1
FIFA,2008-03-01T00:00:00Z,1
FIFA,2008-04-01T00:00:00Z,1
FIFA,2008-05-01T00:00:00Z,1
FIFA,2008-06-01T00:00:00Z,2
FIFA,2008-07-01T00:00:00Z,1
FIFA,2008-08-01T00:00:00Z,1
FIFA,2008-09-01T00:00:00Z,1
FIFA,2008-10-01T00:00:00Z,2
FIFA,2008-11-01T00:00:00Z,1
FIFA,2008-12-01T00:00:00Z,1
FIFA,2009-01-01T00:00:00Z,1
FIFA,2009-02-01T00:00:00Z,1
FIFA,2009-03-01T00:00:00Z,1
FIFA,2009-04-01T00:00:00Z,1
FIFA,2009-05-01T00:00:00Z,1
FIFA,2009-06-01T00:00:00Z,3
FIFA,2009-07-01T00:00:00Z,2
FIFA,2009-08-01T00:00:00Z,2
FIFA,2009-09-01T00:00:00Z,2
FIFA,2009-10-01T00:00:00Z,3
FIFA,2009-11-01T00:00:00Z,2
FIFA,2009-12-01T00:00:00Z,3
FIFA,2010-01-01T00:00:00Z,2
FIFA,2010-02-01T00:00:00Z,1
FIFA,2010-03-01T00:00:00Z,2
FIFA,2010-04-01T00:00:00Z,2
FIFA,2010-05-01T00:00:00Z,4
FIFA,2010-06-01T00:00:00Z,36
FIFA,2010-07-01T00:00:00Z,15
FIFA,2010-08-01T00:00:00Z,2
FIFA,2010-09-01T00:00:00Z,3
FIFA,2010-10-01T00:00:00Z,3
FIFA,2010-11-01T00:00:00Z,2
FIFA,2010-12-01T00:00:00Z,2
FIFA,2011-01-01T00:00:00Z,1
FIFA,2011-02-01T00:00:00Z,1
FIFA,2011-03-01T00:00:00Z,1
FIFA,2011-04-01T00:00:00Z,1
FIFA,2011-05-01T00:00:00Z,1
FIFA,2011-06-01T00:00:00Z,2
FIFA,2011-07-01T00:00:00Z,4
FIFA,2011-08-01T00:00:00Z,2
FIFA,2011-09-01T00:00:00Z,2
FIFA,2011-10-01T00:00:00Z,2
FIFA,2011-11-01T00:00:00Z,2
FIFA,2011-12-01T00:00:00Z,2
FIFA,2012-01-01T00:00:00Z,1
FIFA,2012-02-01T00:00:00Z,1
FIFA,2012-03-01T00:00:00Z,1
FIFA,2012-04-01T00:00:00Z,1
FIFA,2012-05-01T00:00:00Z,1
FIFA,2012-06-01T00:00:00Z,2
FIFA,2012-07-01T00:00:00Z,2
FIFA,2012-08-01T00:00:00Z,2
FIFA,2012-09-01T00:00:00Z,3
FIFA,2012-10-01T00:00:00Z,3
FIFA,2012-11-01T00:00:00Z,2
FIFA,2012-12-01T00:00:00Z,2
FIFA,2013-01-01T00:00:00Z,2
FIFA,2013-02-01T00:00:00Z,2
FIFA,2013-03-01T00:00:00Z,2
FIFA,2013-04-01T00:00:00Z,1
FIFA,2013-05-01T00:00:00Z,2
FIFA,2013-06-01T00:00:00Z,3
FIFA,2013-07-01T00:00:00Z,2
FIFA,2013-08-01T00:00:00Z,2
FIFA,2013-09-01T00:00:00Z,3
FIFA,2013-10-01T00:00:00Z,3
FIFA,2013-11-01T00:00:00Z,3
FIFA,2013-12-01T00:00:00Z,3
FIFA,2014-01-01T00:00:00Z,3
FIFA,2014-02-01T00:00:00Z,2
FIFA,2014-03-01T00:00:00Z,2
FIFA,2014-04-01T00:00:00Z,2
FIFA,2014-05-01T00:00:00Z,3
FIFA,2014-06-01T00:00:00Z,44
FIFA,2014-07-01T00:00:00Z,23
FIFA,2014-08-01T00:00:00Z,4
FIFA,2014-09-01T00:00:00Z,4
FIFA,2014-10-01T00:00:00Z,3
FIFA,2014-11-01T00:00:00Z,3
FIFA,2014-12-01T00:00:00Z,3
FIFA,2015-01-01T00:00:00Z,4
FIFA,2015-02-01T00:00:00Z,3
FIFA,2015-03-01T00:00:00Z,3
FIFA,2015-04-01T00:00:00Z,2
FIFA,2015-05-01T00:00:00Z,4
FIFA,2015-06-01T00:00:00Z,8
FIFA,2015-07-01T00:00:00Z,5
FIFA,2015-08-01T00:00:00Z,3
FIFA,2015-09-01T00:00:00Z,4
FIFA,2015-10-01T00:00:00Z,3
FIFA,2015-11-01T00:00:00Z,3
FIFA,2015-12-01T00:00:00Z,3
FIFA,2016-01-01T00:00:00Z,3
FIFA,2016-02-01T00:00:00Z,2
FIFA,2016-03-01T00:00:00Z,2
FIFA,2016-04-01T00:00:00Z,2
FIFA,2016-05-01T00:00:00Z,2
FIFA,2016-06-01T00:00:00Z,4
FIFA,2016-07-01T00:00:00Z,2
FIFA,2016-08-01T00:00:00Z,2
FIFA,2016-09-01T00:00:00Z,4
FIFA,2016-10-01T00:00:00Z,3
FIFA,2016-11-01T00:00:00Z,2
FIFA,2016-12-01T00:00:00Z,2
FIFA,2017-01-01T00:00:00Z,2
FIFA,2017-02-01T00:00:00Z,2
FIFA,2017-03-01T00:00:00Z,2
FIFA,2017-04-01T00:00:00Z,2
FIFA,2017-05-01T00:00:00Z,2
FIFA,2017-06-01T00:00:00Z,3
FIFA,2017-07-01T00:00:00Z,2
FIFA,2017-08-01T00:00:00Z,2
FIFA,2017-09-01T00:00:00Z,3
FIFA,2017-10-01T00:00:00Z,3
FIFA,2017-11-01T00:00:00Z,2
FIFA,2017-12-01T00:00:00Z,2
FIFA,2018-01-01T00:00:00Z,2
FIFA,2018-02-01T00:00:00Z,2
FIFA,2018-03-01T00:00:00Z,2
FIFA,2018-04-01T00:00:00Z,2
FIFA,2018-05-01T00:00:00Z,2
FIFA,2018-06-01T00:00:00Z,28
FIFA,2018-07-01T00:00:00Z,19
FIFA,2018-08-01T00:00:00Z,2
FIFA,2018-09-01T00:00:00Z,3
FIFA,2018-10-01T00:00:00Z,2
FIFA,2018-11-01T00:00:00Z,2
FIFA,2018-12-01T00:00:00Z,2
FIFA,2019-01-01T00:00:00Z,2
FIFA,2019-02-01T00:00:00Z,1
FIFA,2019-03-01T00:00:00Z,1
FIFA,2019-04-01T00:00:00Z,1
FIFA,2019-05-01T00:00:00Z,1
FIFA,2019-06-01T00:00:00Z,7
FIFA,2019-07-01T00:00:00Z,4
FIFA,2019-08-01T00:00:00Z,1
FIFA,2019-09-01T00:00:00Z,3
FIFA,2019-10-01T00:00:00Z,2
FIFA,2019-11-01T00:00:00Z,2
FIFA,2019-12-01T00:00:00Z,2
FIFA,2020-01-01T00:00:00Z,1
FIFA,2020-02-01T00:00:00Z,1
FIFA,2020-03-01T00:00:00Z,1
FIFA,2020-04-01T00:00:00Z,2
FIFA,2020-05-01T00:00:00Z,2
FIFA,2020-06-01T00:00:00Z,2
FIFA,2020-07-01T00:00:00Z,2
FIFA,2020-08-01T00:00:00Z,1
FIFA,2020-09-01T00:00:00Z,2
FIFA,2020-10-01T00:00:00Z,3
FIFA,2020-11-01T00:00:00Z,2
FIFA,2020-12-01T00:00:00Z,2
FIFA,2021-01-01T00:00:00Z,2
FIFA,2021-02-01T00:00:00Z,2
FIFA,2021-03-01T00:00:00Z,1
FIFA,2021-04-01T00:00:00Z,1
FIFA,2021-05-01T00:00:00Z,1
FIFA,2021-06-01T00:00:00Z,2
FIFA,2021-07-01T00:00:00Z,2
FIFA,2021-08-01T00:00:00Z,2
FIFA,2021-09-01T00:00:00Z,2
FIFA,2021-10-01T00:00:00Z,2
FIFA,2021-11-01T00:00:00Z,2
FIFA,2021-12-01T00:00:00Z,2
FIFA,2022-01-01T00:00:00Z,2
FIFA,2022-02-01T00:00:00Z,2
FIFA,2022-03-01T00:00:00Z,2
FIFA,2022-04-01T00:00:00Z,2
FIFA,2022-05-01T00:00:00Z,2
FIFA,2022-06-01T00:00:00Z,2
FIFA,2022-07-01T00:00:00Z,2
FIFA,2022-08-01T00:00:00Z,2
FIFA,2022-09-01T00:00:00Z,3
FIFA,2022-10-01T00:00:00Z,3
FIFA,2022-11-01T00:00:00Z,19
Olympics,2004-01-01T00:00:00Z,2
Olympics,2004-02-01T00:00:00Z,3
Olympics,2004-03-01T00:00:00Z,3
Olympics,2004-04-01T00:00:00Z,3
Olympics,2004-05-01T00:00:00Z,4
Olympics,2004-06-01T00:00:00Z,4
Olympics,2004-07-01T00:00:00Z,6
Olympics,2004-08-01T00:00:00Z,52
Olympics,2004-09-01T00:00:00Z,5
Olympics,2004-10-01T00:00:00Z,2
Olympics,2004-11-01T00:00:00Z,2
Olympics,2004-12-01T00:00:00Z,2
Olympics,2005-01-01T00:00:00Z,2
Olympics,2005-02-01T00:00:00Z,2
Olympics,2005-03-01T00:00:00Z,2
Olympics,2005-04-01T00:00:00Z,2
Olympics,2005-05-01T00:00:00Z,2
Olympics,2005-06-01T00:00:00Z,2
Olympics,2005-07-01T00:00:00Z,3
Olympics,2005-08-01T00:00:00Z,1
Olympics,2005-09-01T00:00:00Z,2
Olympics,2005-10-01T00:00:00Z,2
Olympics,2005-11-01T00:00:00Z,2
Olympics,2005-12-01T00:00:00Z,3
Olympics,2006-01-01T00:00:00Z,6
Olympics,2006-02-01T00:00:00Z,38
Olympics,2006-03-01T00:00:00Z,3
Olympics,2006-04-01T00:00:00Z,2
Olympics,2006-05-01T00:00:00Z,2
Olympics,2006-06-01T00:00:00Z,2
Olympics,2006-07-01T00:00:00Z,1
Olympics,2006-08-01T00:00:00Z,1
Olympics,2006-09-01T00:00:00Z,1
Olympics,2006-10-01T00:00:00Z,1
Olympics,2006-11-01T00:00:00Z,1
Olympics,2006-12-01T00:00:00Z,1
Olympics,2007-01-01T00:00:00Z,2
Olympics,2007-02-01T00:00:00Z,2
Olympics,2007-03-01T00:00:00Z,2
Olympics,2007-04-01T00:00:00Z,2
Olympics,2007-05-01T00:00:00Z,2
Olympics,2007-06-01T00:00:00Z,2
Olympics,2007-07-01T00:00:00Z,1
Olympics,2007-08-01T00:00:00Z,2
Olympics,2007-09-01T00:00:00Z,2
Olympics,2007-10-01T00:00:00Z,2
Olympics,2007-11-01T00:00:00Z,3
Olympics,2007-12-01T00:00:00Z,4
Olympics,2008-01-01T00:00:00Z,4
Olympics,2008-02-01T00:00:00Z,4
Olympics,2008-03-01T00:00:00Z,4
Olympics,2008-04-01T00:00:00Z,4
Olympics,2008-05-01T00:00:00Z,4
Olympics,2008-06-01T00:00:00Z,4
Olympics,2008-07-01T00:00:00Z,6
Olympics,2008-08-01T00:00:00Z,82
Olympics,2008-09-01T00:00:00Z,5
Olympics,2008-10-01T00:00:00Z,3
Olympics,2008-11-01T00:00:00Z,3
Olympics,2008-12-01T00:00:00Z,3
Olympics,2009-01-01T00:00:00Z,2
Olympics,2009-02-01T00:00:00Z,3
Olympics,2009-03-01T00:00:00Z,3
Olympics,2009-04-01T00:00:00Z,3
Olympics,2009-05-01T00:00:00Z,3
Olympics,2009-06-01T00:00:00Z,2
Olympics,2009-07-01T00:00:00Z,2
Olympics,2009-08-01T00:00:00Z,2
Olympics,2009-09-01T00:00:00Z,2
Olympics,2009-10-01T00:00:00Z,5
Olympics,2009-11-01T00:00:00Z,3
Olympics,2009-12-01T00:00:00Z,3
Olympics,2010-01-01T00:00:00Z,6
Olympics,2010-02-01T00:00:00Z,57
Olympics,2010-03-01T00:00:00Z,6
Olympics,2010-04-01T00:00:00Z,2
Olympics,2010-05-01T00:00:00Z,2
Olympics,2010-06-01T00:00:00Z,2
Olympics,2010-07-01T00:00:00Z,1
Olympics,2010-08-01T00:00:00Z,1
Olympics,2010-09-01T00:00:00Z,1
Olympics,2010-10-01T00:00:00Z,1
Olympics,2010-11-01T00:00:00Z,1
Olympics,2010-12-01T00:00:00Z,1
Olympics,2011-01-01T00:00:00Z,2
Olympics,2011-02-01T00:00:00Z,2
Olympics,2011-03-01T00:00:00Z,2
Olympics,2011-04-01T00:00:00Z,2
Olympics,2011-05-01T00:00:00Z,2
Olympics,2011-06-01T00:00:00Z,2
Olympics,2011-07-01T00:00:00Z,2
Olympics,2011-08-01T00:00:00Z,1
Olympics,2011-09-01T00:00:00Z,1
Olympics,2011-10-01T00:00:00Z,1
Olympics,2011-11-01T00:00:00Z,1
Olympics,2011-12-01T00:00:00Z,1
Olympics,2012-01-01T00:00:00Z,3
Olympics,2012-02-01T00:00:00Z,2
Olympics,2012-03-01T00:00:00Z,3
Olympics,2012-04-01T00:00:00Z,4
Olympics,2012-05-01T00:00:00Z,4
Olympics,2012-06-01T00:00:00Z,7
Olympics,2012-07-01T00:00:00Z,55
Olympics,2012-08-01T00:00:00Z,66
Olympics,2012-09-01T00:00:00Z,4
Olympics,2012-10-01T00:00:00Z,3
Olympics,2012-11-01T00:00:00Z,2
Olympics,2012-12-01T00:00:00Z,1
Olympics,2013-01-01T00:00:00Z,2
Olympics,2013-02-01T00:00:00Z,2
Olympics,2013-03-01T00:00:00Z,2
Olympics,2013-04-01T00:00:00Z,2
Olympics,2013-05-01T00:00:00Z,2
Olympics,2013-06-01T00:00:00Z,1
Olympics,2013-07-01T00:00:00Z,2
Olympics,2013-08-01T00:00:00Z,1
Olympics,2013-09-01T00:00:00Z,2
Olympics,2013-10-01T00:00:00Z,2
Olympics,2013-11-01T00:00:00Z,2
Olympics,2013-12-01T00:00:00Z,2
Olympics,2014-01-01T00:00:00Z,6
Olympics,2014-02-01T00:00:00Z,58
Olympics,2014-03-01T00:00:00Z,2
Olympics,2014-04-01T00:00:00Z,2
Olympics,2014-05-01T00:00:00Z,2
Olympics,2014-06-01T00:00:00Z,2
Olympics,2014-07-01T00:00:00Z,2
Olympics,2014-08-01T00:00:00Z,1
Olympics,2014-09-01T00:00:00Z,1
Olympics,2014-10-01T00:00:00Z,1
Olympics,2014-11-01T00:00:00Z,1
Olympics,2014-12-01T00:00:00Z,2
Olympics,2015-01-01T00:00:00Z,2
Olympics,2015-02-01T00:00:00Z,2
Olympics,2015-03-01T00:00:00Z,1
Olympics,2015-04-01T00:00:00Z,2
Olympics,2015-05-01T00:00:00Z,1
Olympics,2015-06-01T00:00:00Z,2
Olympics,2015-07-01T00:00:00Z,4
Olympics,2015-08-01T00:00:00Z,2
Olympics,2015-09-01T00:00:00Z,1
Olympics,2015-10-01T00:00:00Z,1
Olympics,2015-11-01T00:00:00Z,1
Olympics,2015-12-01T00:00:00Z,1
Olympics,2016-01-01T00:00:00Z,2
Olympics,2016-02-01T00:00:00Z,2
Olympics,2016-03-01T00:00:00Z,2
Olympics,2016-04-01T00:00:00Z,2
Olympics,2016-05-01T00:00:00Z,2
Olympics,2016-06-01T00:00:00Z,5
Olympics,2016-07-01T00:00:00Z,8
Olympics,2016-08-01T00:00:00Z,100
Olympics,2016-09-01T00:00:00Z,3
Olympics,2016-10-01T00:00:00Z,2
Olympics,2016-11-01T00:00:00Z,1
Olympics,2016-12-01T00:00:00Z,2
Olympics,2017-01-01T00:00:00Z,2
Olympics,2017-02-01T00:00:00Z,2
Olympics,2017-03-01T00:00:00Z,2
Olympics,2017-04-01T00:00:00Z,2
Olympics,2017-05-01T00:00:00Z,2
Olympics,2017-06-01T00:00:00Z,2
Olympics,2017-07-01T00:00:00Z,2
Olympics,2017-08-01T00:00:00Z,2
Olympics,2017-09-01T00:00:00Z,1
Olympics,2017-10-01T00:00:00Z,1
Olympics,2017-11-01T00:00:00Z,2
Olympics,2017-12-01T00:00:00Z,2
Olympics,2018-01-01T00:00:00Z,5
Olympics,2018-02-01T00:00:00Z,57
Olympics,2018-03-01T00:00:00Z,2
Olympics,2018-04-01T00:00:00Z,1
Olympics,2018-05-01T00:00:00Z,1
Olympics,2018-06-01T00:00:00Z,1
Olympics,2018-07-01T00:00:00Z,1
Olympics,2018-08-01T00:00:00Z,1
Olympics,2018-09-01T00:00:00Z,1
Olympics,2018-10-01T00:00:00Z,1
Olympics,2018-11-01T00:00:00Z,1
Olympics,2018-12-01T00:00:00Z,1
Olympics,2019-01-01T00:00:00Z,1
Olympics,2019-02-01T00:00:00Z,1
Olympics,2019-03-01T00:00:00Z,2
Olympics,2019-04-01T00:00:00Z,1
Olympics,2019-05-01T00:00:00Z,1
Olympics,2019-06-01T00:00:00Z,1
Olympics,2019-07-01T00:00:00Z,2
Olympics,2019-08-01T00:00:00Z,1
Olympics,2019-09-01T00:00:00Z,1
Olympics,2019-10-01T00:00:00Z,1
Olympics,2019-11-01T00:00:00Z,1
Olympics,2019-12-01T00:00:00Z,1
Olympics,2020-01-01T00:00:00Z,2
Olympics,2020-02-01T00:00:00Z,3
Olympics,2020-03-01T00:00:00Z,2
Olympics,2020-04-01T00:00:00Z,1
Olympics,2020-05-01T00:00:00Z,1
Olympics,2020-06-01T00:00:00Z,1
Olympics,2020-07-01T00:00:00Z,1
Olympics,2020-08-01T00:00:00Z,1
Olympics,2020-09-01T00:00:00Z,1
Olympics,2020-10-01T00:00:00Z,1
Olympics,2020-11-01T00:00:00Z,1
Olympics,2020-12-01T00:00:00Z,1
Olympics,2021-01-01T00:00:00Z,1
Olympics,2021-02-01T00:00:00Z,1
Olympics,2021-03-01T00:00:00Z,1
Olympics,2021-04-01T00:00:00Z,1
Olympics,2021-05-01T00:00:00Z,2
Olympics,2021-06-01T00:00:00Z,5
Olympics,2021-07-01T00:00:00Z,45
Olympics,2021-08-01T00:00:00Z,33
Olympics,2021-09-01T00:00:00Z,1
Olympics,2021-10-01T00:00:00Z,1
Olympics,2021-11-01T00:00:00Z,1
Olympics,2021-12-01T00:00:00Z,1
Olympics,2022-01-01T00:00:00Z,3
Olympics,2022-02-01T00:00:00Z,30
Olympics,2022-03-01T00:00:00Z,2
Olympics,2022-04-01T00:00:00Z,1
Olympics,2022-05-01T00:00:00Z,1
Olympics,2022-06-01T00:00:00Z,1
Olympics,2022-07-01T00:00:00Z,1
Olympics,2022-08-01T00:00:00Z,1
Olympics,2022-09-01T00:00:00Z,1
Olympics,2022-10-01T00:00:00Z,1
Olympics,2022-11-01T00:00:00Z,1
Anime,2004-01-01T00:00:00Z,11
Anime,2004-02-01T00:00:00Z,10
Anime,2004-03-01T00:00:00Z,10
Anime,2004-04-01T00:00:00Z,11
Anime,2004-05-01T00:00:00Z,11
Anime,2004-06-01T00:00:00Z,11
Anime,2004-07-01T00:00:00Z,11
Anime,2004-08-01T00:00:00Z,11
Anime,2004-09-01T00:00:00Z,11
Anime,2004-10-01T00:00:00Z,10
Anime,2004-11-01T00:00:00Z,10
Anime,2004-12-01T00:00:00Z,11
Anime,2005-01-01T00:00:00Z,10
Anime,2005-02-01T00:00:00Z,10
Anime,2005-03-01T00:00:00Z,10
Anime,2005-04-01T00:00:00Z,10
Anime,2005-05-01T00:00:00Z,11
Anime,2005-06-01T00:00:00Z,11
Anime,2005-07-01T00:00:00Z,11
Anime,2005-08-01T00:00:00Z,10
Anime,2005-09-01T00:00:00Z,10
Anime,2005-10-01T00:00:00Z,10
Anime,2005-11-01T00:00:00Z,9
Anime,2005-12-01T00:00:00Z,9
Anime,2006-01-01T00:00:00Z,9
Anime,2006-02-01T00:00:00Z,9
Anime,2006-03-01T00:00:00Z,9
Anime,2006-04-01T00:00:00Z,9
Anime,2006-05-01T00:00:00Z,10
Anime,2006-06-01T00:00:00Z,9
Anime,2006-07-01T00:00:00Z,9
Anime,2006-08-01T00:00:00Z,9
Anime,2006-09-01T00:00:00Z,8
Anime,2006-10-01T00:00:00Z,8
Anime,2006-11-01T00:00:00Z,8
Anime,2006-12-01T00:00:00Z,8
Anime,2007-01-01T00:00:00Z,8
Anime,2007-02-01T00:00:00Z,7
Anime,2007-03-01T00:00:00Z,8
Anime,2007-04-01T00:00:00Z,9
Anime,2007-05-01T00:00:00Z,8
Anime,2007-06-01T00:00:00Z,9
Anime,2007-07-01T00:00:00Z,9
Anime,2007-08-01T00:00:00Z,8
Anime,2007-09-01T00:00:00Z,8
Anime,2007-10-01T00:00:00Z,8
Anime,2007-11-01T00:00:00Z,8
Anime,2007-12-01T00:00:00Z,8
Anime,2008-01-01T00:00:00Z,8
Anime,2008-02-01T00:00:00Z,8
Anime,2008-03-01T00:00:00Z,8
Anime,2008-04-01T00:00:00Z,8
Anime,2008-05-01T00:00:00Z,8
Anime,2008-06-01T00:00:00Z,9
Anime,2008-07-01T00:00:00Z,9
Anime,2008-08-01T00:00:00Z,9
Anime,2008-09-01T00:00:00Z,7
Anime,2008-10-01T00:00:00Z,8
Anime,2008-11-01T00:00:00Z,8
Anime,2008-12-01T00:00:00Z,8
Anime,2009-01-01T00:00:00Z,8
Anime,2009-02-01T00:00:00Z,8
Anime,2009-03-01T00:00:00Z,8
Anime,2009-04-01T00:00:00Z,8
Anime,2009-05-01T00:00:00Z,8
Anime,2009-06-01T00:00:00Z,8
Anime,2009-07-01T00:00:00Z,9
Anime,2009-08-01T00:00:00Z,8
Anime,2009-09-01T00:00:00Z,8
Anime,2009-10-01T00:00:00Z,8
Anime,2009-11-01T00:00:00Z,8
Anime,2009-12-01T00:00:00Z,8
Anime,2010-01-01T00:00:00Z,8
Anime,2010-02-01T00:00:00Z,7
Anime,2010-03-01T00:00:00Z,7
Anime,2010-04-01T00:00:00Z,8
Anime,2010-05-01T00:00:00Z,8
Anime,2010-06-01T00:00:00Z,9
Anime,2010-07-01T00:00:00Z,9
Anime,2010-08-01T00:00:00Z,8
Anime,2010-09-01T00:00:00Z,8
Anime,2010-10-01T00:00:00Z,8
Anime,2010-11-01T00:00:00Z,7
Anime,2010-12-01T00:00:00Z,7
Anime,2011-01-01T00:00:00Z,7
Anime,2011-02-01T00:00:00Z,7
Anime,2011-03-01T00:00:00Z,7
Anime,2011-04-01T00:00:00Z,7
Anime,2011-05-01T00:00:00Z,7
Anime,2011-06-01T00:00:00Z,8
Anime,2011-07-01T00:00:00Z,8
Anime,2011-08-01T00:00:00Z,8
Anime,2011-09-01T00:00:00Z,7
Anime,2011-10-01T00:00:00Z,7
Anime,2011-11-01T00:00:00Z,7
Anime,2011-12-01T00:00:00Z,7
Anime,2012-01-01T00:00:00Z,8
Anime,2012-02-01T00:00:00Z,7
Anime,2012-03-01T00:00:00Z,7
Anime,2012-04-01T00:00:00Z,8
Anime,2012-05-01T00:00:00Z,7
Anime,2012-06-01T00:00:00Z,8
Anime,2012-07-01T00:00:00Z,9
Anime,2012-08-01T00:00:00Z,8
Anime,2012-09-01T00:00:00Z,7
Anime,2012-10-01T00:00:00Z,8
Anime,2012-11-01T00:00:00Z,7
Anime,2012-12-01T00:00:00Z,8
Anime,2013-01-01T00:00:00Z,8
Anime,2013-02-01T00:00:00Z,8
Anime,2013-03-01T00:00:00Z,8
Anime,2013-04-01T00:00:00Z,8
Anime,2013-05-01T00:00:00Z,8
Anime,2013-06-01T00:00:00Z,10
Anime,2013-07-01T00:00:00Z,10
Anime,2013-08-01T00:00:00Z,10
Anime,2013-09-01T00:00:00Z,9
Anime,2013-10-01T00:00:00Z,9
Anime,2013-11-01T00:00:00Z,9
Anime,2013-12-01T00:00:00Z,9
Anime,2014-01-01T00:00:00Z,10
Anime,2014-02-01T00:00:00Z,9
Anime,2014-03-01T00:00:00Z,10
Anime,2014-04-01T00:00:00Z,9
Anime,2014-05-01T00:00:00Z,10
Anime,2014-06-01T00:00:00Z,11
Anime,2014-07-01T00:00:00Z,12
Anime,2014-08-01T00:00:00Z,10
Anime,2014-09-01T00:00:00Z,9
Anime,2014-10-01T00:00:00Z,10
Anime,2014-11-01T00:00:00Z,10
Anime,2014-12-01T00:00:00Z,10
Anime,2015-01-01T00:00:00Z,11
Anime,2015-02-01T00:00:00Z,10
Anime,2015-03-01T00:00:00Z,11
Anime,2015-04-01T00:00:00Z,11
Anime,2015-05-01T00:00:00Z,11
Anime,2015-06-01T00:00:00Z,11
Anime,2015-07-01T00:00:00Z,12
Anime,2015-08-01T00:00:00Z,11
Anime,2015-09-01T00:00:00Z,10
Anime,2015-10-01T00:00:00Z,10
Anime,2015-11-01T00:00:00Z,11
Anime,2015-12-01T00:00:00Z,12
Anime,2016-01-01T00:00:00Z,11
Anime,2016-02-01T00:00:00Z,10
Anime,2016-03-01T00:00:00Z,10
Anime,2016-04-01T00:00:00Z,11
Anime,2016-05-01T00:00:00Z,11
Anime,2016-06-01T00:00:00Z,12
Anime,2016-07-01T00:00:00Z,11
Anime,2016-08-01T00:00:00Z,10
Anime,2016-09-01T00:00:00Z,9
Anime,2016-10-01T00:00:00Z,9
Anime,2016-11-01T00:00:00Z,9
Anime,2016-12-01T00:00:00Z,11
Anime,2017-01-01T00:00:00Z,10
Anime,2017-02-01T00:00:00Z,10
Anime,2017-03-01T00:00:00Z,10
Anime,2017-04-01T00:00:00Z,10
Anime,2017-05-01T00:00:00Z,10
Anime,2017-06-01T00:00:00Z,10
Anime,2017-07-01T00:00:00Z,10
Anime,2017-08-01T00:00:00Z,9
Anime,2017-09-01T00:00:00Z,9
Anime,2017-10-01T00:00:00Z,9
Anime,2017-11-01T00:00:00Z,9
Anime,2017-12-01T00:00:00Z,9
Anime,2018-01-01T00:00:00Z,9
Anime,2018-02-01T00:00:00Z,9
Anime,2018-03-01T00:00:00Z,9
Anime,2018-04-01T00:00:00Z,10
Anime,2018-05-01T00:00:00Z,8
Anime,2018-06-01T00:00:00Z,9
Anime,2018-07-01T00:00:00Z,10
Anime,2018-08-01T00:00:00Z,9
Anime,2018-09-01T00:00:00Z,9
Anime,2018-10-01T00:00:00Z,9
Anime,2018-11-01T00:00:00Z,9
Anime,2018-12-01T00:00:00Z,9
Anime,2019-01-01T00:00:00Z,9
Anime,2019-02-01T00:00:00Z,9
Anime,2019-03-01T00:00:00Z,9
Anime,2019-04-01T00:00:00Z,9
Anime,2019-05-01T00:00:00Z,9
Anime,2019-06-01T00:00:00Z,10
Anime,2019-07-01T00:00:00Z,10
Anime,2019-08-01T00:00:00Z,9
Anime,2019-09-01T00:00:00Z,9
Anime,2019-10-01T00:00:00Z,9
Anime,2019-11-01T00:00:00Z,9
Anime,2019-12-01T00:00:00Z,10
Anime,2020-01-01T00:00:00Z,10
Anime,2020-02-01T00:00:00Z,10
Anime,2020-03-01T00:00:00Z,11
Anime,2020-04-01T00:00:00Z,13
Anime,2020-05-01T00:00:00Z,13
Anime,2020-06-01T00:00:00Z,13
Anime,2020-07-01T00:00:00Z,15
Anime,2020-08-01T00:00:00Z,15
Anime,2020-09-01T00:00:00Z,17
Anime,2020-10-01T00:00:00Z,15
Anime,2020-11-01T00:00:00Z,16
Anime,2020-12-01T00:00:00Z,17
Anime,2021-01-01T00:00:00Z,18
Anime,2021-02-01T00:00:00Z,18
Anime,2021-03-01T00:00:00Z,17
Anime,2021-04-01T00:00:00Z,18
Anime,2021-05-01T00:00:00Z,17
Anime,2021-06-01T00:00:00Z,17
Anime,2021-07-01T00:00:00Z,17
Anime,2021-08-01T00:00:00Z,16
Anime,2021-09-01T00:00:00Z,14
Anime,2021-10-01T00:00:00Z,14
Anime,2021-11-01T00:00:00Z,14
Anime,2021-12-01T00:00:00Z,15
Anime,2022-01-01T00:00:00Z,15
Anime,2022-02-01T00:00:00Z,14
Anime,2022-03-01T00:00:00Z,14
Anime,2022-04-01T00:00:00Z,16
Anime,2022-05-01T00:00:00Z,15
Anime,2022-06-01T00:00:00Z,14
Anime,2022-07-01T00:00:00Z,16
Anime,2022-08-01T00:00:00Z,13
Anime,2022-09-01T00:00:00Z,13
Anime,2022-10-01T00:00:00Z,13
Anime,2022-11-01T00:00:00Z,12
Space,2004-01-01T00:00:00Z,17
Space,2004-02-01T00:00:00Z,15
Space,2004-03-01T00:00:00Z,16
Space,2004-04-01T00:00:00Z,15
Space,2004-05-01T00:00:00Z,14
Space,2004-06-01T00:00:00Z,14
Space,2004-07-01T00:00:00Z,13
Space,2004-08-01T00:00:00Z,13
Space,2004-09-01T00:00:00Z,15
Space,2004-10-01T00:00:00Z,16
Space,2004-11-01T00:00:00Z,15
Space,2004-12-01T00:00:00Z,15
Space,2005-01-01T00:00:00Z,15
Space,2005-02-01T00:00:00Z,15
Space,2005-03-01T00:00:00Z,16
Space,2005-04-01T00:00:00Z,16
Space,2005-05-01T00:00:00Z,18
Space,2005-06-01T00:00:00Z,17
Space,2005-07-01T00:00:00Z,22
Space,2005-08-01T00:00:00Z,21
Space,2005-09-01T00:00:00Z,19
Space,2005-10-01T00:00:00Z,23
Space,2005-11-01T00:00:00Z,24
Space,2005-12-01T00:00:00Z,24
Space,2006-01-01T00:00:00Z,27
Space,2006-02-01T00:00:00Z,30
Space,2006-03-01T00:00:00Z,32
Space,2006-04-01T00:00:00Z,34
Space,2006-05-01T00:00:00Z,34
Space,2006-06-01T00:00:00Z,35
Space,2006-07-01T00:00:00Z,35
Space,2006-08-01T00:00:00Z,33
Space,2006-09-01T00:00:00Z,34
Space,2006-10-01T00:00:00Z,33
Space,2006-11-01T00:00:00Z,31
Space,2006-12-01T00:00:00Z,30
Space,2007-01-01T00:00:00Z,31
Space,2007-02-01T00:00:00Z,28
Space,2007-03-01T00:00:00Z,27
Space,2007-04-01T00:00:00Z,29
Space,2007-05-01T00:00:00Z,26
Space,2007-06-01T00:00:00Z,29
Space,2007-07-01T00:00:00Z,28
Space,2007-08-01T00:00:00Z,28
Space,2007-09-01T00:00:00Z,26
Space,2007-10-01T00:00:00Z,25
Space,2007-11-01T00:00:00Z,26
Space,2007-12-01T00:00:00Z,23
Space,2008-01-01T00:00:00Z,24
Space,2008-02-01T00:00:00Z,24
Space,2008-03-01T00:00:00Z,26
Space,2008-04-01T00:00:00Z,24
Space,2008-05-01T00:00:00Z,25
Space,2008-06-01T00:00:00Z,25
Space,2008-07-01T00:00:00Z,25
Space,2008-08-01T00:00:00Z,25
Space,2008-09-01T00:00:00Z,21
Space,2008-10-01T00:00:00Z,23
Space,2008-11-01T00:00:00Z,23
Space,2008-12-01T00:00:00Z,22
Space,2009-01-01T00:00:00Z,22
Space,2009-02-01T00:00:00Z,22
Space,2009-03-01T00:00:00Z,21
Space,2009-04-01T00:00:00Z,19
Space,2009-05-01T00:00:00Z,20
Space,2009-06-01T00:00:00Z,19
Space,2009-07-01T00:00:00Z,19
Space,2009-08-01T00:00:00Z,17
Space,2009-09-01T00:00:00Z,17
Space,2009-10-01T00:00:00Z,16
Space,2009-11-01T00:00:00Z,16
Space,2009-12-01T00:00:00Z,17
Space,2010-01-01T00:00:00Z,17
Space,2010-02-01T00:00:00Z,15
Space,2010-03-01T00:00:00Z,14
Space,2010-04-01T00:00:00Z,15
Space,2010-05-01T00:00:00Z,15
Space,2010-06-01T00:00:00Z,14
Space,2010-07-01T00:00:00Z,14
Space,2010-08-01T00:00:00Z,13
Space,2010-09-01T00:00:00Z,12
Space,2010-10-01T00:00:00Z,13
Space,2010-11-01T00:00:00Z,12
Space,2010-12-01T00:00:00Z,12
Space,2011-01-01T00:00:00Z,16
Space,2011-02-01T00:00:00Z,16
Space,2011-03-01T00:00:00Z,14
Space,2011-04-01T00:00:00Z,14
Space,2011-05-01T00:00:00Z,14
Space,2011-06-01T00:00:00Z,12
Space,2011-07-01T00:00:00Z,15
Space,2011-08-01T00:00:00Z,12
Space,2011-09-01T00:00:00Z,14
Space,2011-10-01T00:00:00Z,12
Space,2011-11-01T00:00:00Z,12
Space,2011-12-01T00:00:00Z,12
Space,2012-01-01T00:00:00Z,13
Space,2012-02-01T00:00:00Z,13
Space,2012-03-01T00:00:00Z,13
Space,2012-04-01T00:00:00Z,14
Space,2012-05-01T00:00:00Z,14
Space,2012-06-01T00:00:00Z,13
Space,2012-07-01T00:00:00Z,12
Space,2012-08-01T00:00:00Z,12
Space,2012-09-01T00:00:00Z,14
Space,2012-10-01T00:00:00Z,16
Space,2012-11-01T00:00:00Z,12
Space,2012-12-01T00:00:00Z,12
Space,2013-01-01T00:00:00Z,14
Space,2013-02-01T00:00:00Z,15
Space,2013-03-01T00:00:00Z,13
Space,2013-04-01T00:00:00Z,12
Space,2013-05-01T00:00:00Z,13
Space,2013-06-01T00:00:00Z,12
Space,2013-07-01T00:00:00Z,12
Space,2013-08-01T00:00:00Z,12
Space,2013-09-01T00:00:00Z,12
Space,2013-10-01T00:00:00Z,13
Space,2013-11-01T00:00:00Z,14
Space,2013-12-01T00:00:00Z,12
Space,2014-01-01T00:00:00Z,13
Space,2014-02-01T00:00:00Z,13
Space,2014-03-01T00:00:00Z,14
Space,2014-04-01T00:00:00Z,14
Space,2014-05-01T00:00:00Z,13
Space,2014-06-01T00:00:00Z,12
Space,2014-07-01T00:00:00Z,13
Space,2014-08-01T00:00:00Z,12
Space,2014-09-01T00:00:00Z,14
Space,2014-10-01T00:00:00Z,13
Space,2014-11-01T00:00:00Z,19
Space,2014-12-01T00:00:00Z,17
Space,2015-01-01T00:00:00Z,16
Space,2015-02-01T00:00:00Z,16
Space,2015-03-01T00:00:00Z,15
Space,2015-04-01T00:00:00Z,15
Space,2015-05-01T00:00:00Z,14
Space,2015-06-01T00:00:00Z,14
Space,2015-07-01T00:00:00Z,14
Space,2015-08-01T00:00:00Z,13
Space,2015-09-01T00:00:00Z,14
Space,2015-10-01T00:00:00Z,14
Space,2015-11-01T00:00:00Z,14
Space,2015-12-01T00:00:00Z,13
Space,2016-01-01T00:00:00Z,14
Space,2016-02-01T00:00:00Z,14
Space,2016-03-01T00:00:00Z,14
Space,2016-04-01T00:00:00Z,15
Space,2016-05-01T00:00:00Z,15
Space,2016-06-01T00:00:00Z,12
Space,2016-07-01T00:00:00Z,12
Space,2016-08-01T00:00:00Z,12
Space,2016-09-01T00:00:00Z,13
Space,2016-10-01T00:00:00Z,13
Space,2016-11-01T00:00:00Z,14
Space,2016-12-01T00:00:00Z,16
Space,2017-01-01T00:00:00Z,15
Space,2017-02-01T00:00:00Z,16
Space,2017-03-01T00:00:00Z,14
Space,2017-04-01T00:00:00Z,14
Space,2017-05-01T00:00:00Z,14
Space,2017-06-01T00:00:00Z,13
Space,2017-07-01T00:00:00Z,13
Space,2017-08-01T00:00:00Z,13
Space,2017-09-01T00:00:00Z,12
Space,2017-10-01T00:00:00Z,13
Space,2017-11-01T00:00:00Z,13
Space,2017-12-01T00:00:00Z,13
Space,2018-01-01T00:00:00Z,14
Space,2018-02-01T00:00:00Z,16
Space,2018-03-01T00:00:00Z,15
Space,2018-04-01T00:00:00Z,18
Space,2018-05-01T00:00:00Z,15
Space,2018-06-01T00:00:00Z,15
Space,2018-07-01T00:00:00Z,13
Space,2018-08-01T00:00:00Z,13
Space,2018-09-01T00:00:00Z,13
Space,2018-10-01T00:00:00Z,14
Space,2018-11-01T00:00:00Z,13
Space,2018-12-01T00:00:00Z,13
Space,2019-01-01T00:00:00Z,14
Space,2019-02-01T00:00:00Z,14
Space,2019-03-01T00:00:00Z,14
Space,2019-04-01T00:00:00Z,14
Space,2019-05-01T00:00:00Z,13
Space,2019-06-01T00:00:00Z,13
Space,2019-07-01T00:00:00Z,14
Space,2019-08-01T00:00:00Z,12
Space,2019-09-01T00:00:00Z,13
Space,2019-10-01T00:00:00Z,14
Space,2019-11-01T00:00:00Z,13
Space,2019-12-01T00:00:00Z,14
Space,2020-01-01T00:00:00Z,16
Space,2020-02-01T00:00:00Z,14
Space,2020-03-01T00:00:00Z,13
Space,2020-04-01T00:00:00Z,13
Space,2020-05-01T00:00:00Z,21
Space,2020-06-01T00:00:00Z,16
Space,2020-07-01T00:00:00Z,13
Space,2020-08-01T00:00:00Z,14
Space,2020-09-01T00:00:00Z,15
Space,2020-10-01T00:00:00Z,17
Space,2020-11-01T00:00:00Z,14
Space,2020-12-01T00:00:00Z,14
Space,2021-01-01T00:00:00Z,14
Space,2021-02-01T00:00:00Z,16
Space,2021-03-01T00:00:00Z,14
Space,2021-04-01T00:00:00Z,14
Space,2021-05-01T00:00:00Z,14
Space,2021-06-01T00:00:00Z,14
Space,2021-07-01T00:00:00Z,25
Space,2021-08-01T00:00:00Z,14
Space,2021-09-01T00:00:00Z,15
Space,2021-10-01T00:00:00Z,15
Space,2021-11-01T00:00:00Z,14
Space,2021-12-01T00:00:00Z,15
Space,2022-01-01T00:00:00Z,16
Space,2022-02-01T00:00:00Z,16
Space,2022-03-01T00:00:00Z,16
Space,2022-04-01T00:00:00Z,17
Space,2022-05-01T00:00:00Z,16
Space,2022-06-01T00:00:00Z,14
Space,2022-07-01T00:00:00Z,19
Space,2022-08-01T00:00:00Z,16
Space,2022-09-01T00:00:00Z,15
Space,2022-10-01T00:00:00Z,15
Space,2022-11-01T00:00:00Z,15
Dictionary,2004-01-01T00:00:00Z,50
Dictionary,2004-02-01T00:00:00Z,50
Dictionary,2004-03-01T00:00:00Z,51
Dictionary,2004-04-01T00:00:00Z,49
Dictionary,2004-05-01T00:00:00Z,45
Dictionary,2004-06-01T00:00:00Z,41
Dictionary,2004-07-01T00:00:00Z,38
Dictionary,2004-08-01T00:00:00Z,42
Dictionary,2004-09-01T00:00:00Z,56
Dictionary,2004-10-01T00:00:00Z,55
Dictionary,2004-11-01T00:00:00Z,51
Dictionary,2004-12-01T00:00:00Z,48
Dictionary,2005-01-01T00:00:00Z,50
Dictionary,2005-02-01T00:00:00Z,50
Dictionary,2005-03-01T00:00:00Z,48
Dictionary,2005-04-01T00:00:00Z,49
Dictionary,2005-05-01T00:00:00Z,48
Dictionary,2005-06-01T00:00:00Z,41
Dictionary,2005-07-01T00:00:00Z,38
Dictionary,2005-08-01T00:00:00Z,42
Dictionary,2005-09-01T00:00:00Z,54
Dictionary,2005-10-01T00:00:00Z,53
Dictionary,2005-11-01T00:00:00Z,50
Dictionary,2005-12-01T00:00:00Z,43
Dictionary,2006-01-01T00:00:00Z,48
Dictionary,2006-02-01T00:00:00Z,51
Dictionary,2006-03-01T00:00:00Z,47
Dictionary,2006-04-01T00:00:00Z,47
Dictionary,2006-05-01T00:00:00Z,43
Dictionary,2006-06-01T00:00:00Z,37
Dictionary,2006-07-01T00:00:00Z,34
Dictionary,2006-08-01T00:00:00Z,41
Dictionary,2006-09-01T00:00:00Z,50
Dictionary,2006-10-01T00:00:00Z,51
Dictionary,2006-11-01T00:00:00Z,47
Dictionary,2006-12-01T00:00:00Z,42
Dictionary,2007-01-01T00:00:00Z,44
Dictionary,2007-02-01T00:00:00Z,45
Dictionary,2007-03-01T00:00:00Z,41
Dictionary,2007-04-01T00:00:00Z,41
Dictionary,2007-05-01T00:00:00Z,41
Dictionary,2007-06-01T00:00:00Z,33
Dictionary,2007-07-01T00:00:00Z,32
Dictionary,2007-08-01T00:00:00Z,34
Dictionary,2007-09-01T00:00:00Z,42
Dictionary,2007-10-01T00:00:00Z,43
Dictionary,2007-11-01T00:00:00Z,40
Dictionary,2007-12-01T00:00:00Z,35
Dictionary,2008-01-01T00:00:00Z,37
Dictionary,2008-02-01T00:00:00Z,38
Dictionary,2008-03-01T00:00:00Z,36
Dictionary,2008-04-01T00:00:00Z,37
Dictionary,2008-05-01T00:00:00Z,33
Dictionary,2008-06-01T00:00:00Z,28
Dictionary,2008-07-01T00:00:00Z,27
Dictionary,2008-08-01T00:00:00Z,30
Dictionary,2008-09-01T00:00:00Z,41
Dictionary,2008-10-01T00:00:00Z,40
Dictionary,2008-11-01T00:00:00Z,34
Dictionary,2008-12-01T00:00:00Z,34
Dictionary,2009-01-01T00:00:00Z,37
Dictionary,2009-02-01T00:00:00Z,38
Dictionary,2009-03-01T00:00:00Z,35
Dictionary,2009-04-01T00:00:00Z,35
Dictionary,2009-05-01T00:00:00Z,28
Dictionary,2009-06-01T00:00:00Z,22
Dictionary,2009-07-01T00:00:00Z,21
Dictionary,2009-08-01T00:00:00Z,23
Dictionary,2009-09-01T00:00:00Z,28
Dictionary,2009-10-01T00:00:00Z,28
Dictionary,2009-11-01T00:00:00Z,24
Dictionary,2009-12-01T00:00:00Z,21
Dictionary,2010-01-01T00:00:00Z,24
Dictionary,2010-02-01T00:00:00Z,31
Dictionary,2010-03-01T00:00:00Z,26
Dictionary,2010-04-01T00:00:00Z,24
Dictionary,2010-05-01T00:00:00Z,24
Dictionary,2010-06-01T00:00:00Z,20
Dictionary,2010-07-01T00:00:00Z,20
Dictionary,2010-08-01T00:00:00Z,20
Dictionary,2010-09-01T00:00:00Z,28
Dictionary,2010-10-01T00:00:00Z,28
Dictionary,2010-11-01T00:00:00Z,28
Dictionary,2010-12-01T00:00:00Z,25
Dictionary,2011-01-01T00:00:00Z,31
Dictionary,2011-02-01T00:00:00Z,31
Dictionary,2011-03-01T00:00:00Z,29
Dictionary,2011-04-01T00:00:00Z,28
Dictionary,2011-05-01T00:00:00Z,29
Dictionary,2011-06-01T00:00:00Z,26
Dictionary,2011-07-01T00:00:00Z,24
Dictionary,2011-08-01T00:00:00Z,27
Dictionary,2011-09-01T00:00:00Z,33
Dictionary,2011-10-01T00:00:00Z,30
Dictionary,2011-11-01T00:00:00Z,30
Dictionary,2011-12-01T00:00:00Z,29
Dictionary,2012-01-01T00:00:00Z,32
Dictionary,2012-02-01T00:00:00Z,30
Dictionary,2012-03-01T00:00:00Z,29
Dictionary,2012-04-01T00:00:00Z,26
Dictionary,2012-05-01T00:00:00Z,23
Dictionary,2012-06-01T00:00:00Z,20
Dictionary,2012-07-01T00:00:00Z,19
Dictionary,2012-08-01T00:00:00Z,20
Dictionary,2012-09-01T00:00:00Z,24
Dictionary,2012-10-01T00:00:00Z,25
Dictionary,2012-11-01T00:00:00Z,24
Dictionary,2012-12-01T00:00:00Z,22
Dictionary,2013-01-01T00:00:00Z,24
Dictionary,2013-02-01T00:00:00Z,23
Dictionary,2013-03-01T00:00:00Z,22
Dictionary,2013-04-01T00:00:00Z,20
Dictionary,2013-05-01T00:00:00Z,19
Dictionary,2013-06-01T00:00:00Z,15
Dictionary,2013-07-01T00:00:00Z,15
Dictionary,2013-08-01T00:00:00Z,16
Dictionary,2013-09-01T00:00:00Z,21
Dictionary,2013-10-01T00:00:00Z,21
Dictionary,2013-11-01T00:00:00Z,20
Dictionary,2013-12-01T00:00:00Z,18
Dictionary,2014-01-01T00:00:00Z,18
Dictionary,2014-02-01T00:00:00Z,19
Dictionary,2014-03-01T00:00:00Z,19
Dictionary,2014-04-01T00:00:00Z,18
Dictionary,2014-05-01T00:00:00Z,17
Dictionary,2014-06-01T00:00:00Z,14
Dictionary,2014-07-01T00:00:00Z,13
Dictionary,2014-08-01T00:00:00Z,15
Dictionary,2014-09-01T00:00:00Z,20
Dictionary,2014-10-01T00:00:00Z,19
Dictionary,2014-11-01T00:00:00Z,18
Dictionary,2014-12-01T00:00:00Z,17
Dictionary,2015-01-01T00:00:00Z,18
Dictionary,2015-02-01T00:00:00Z,18
Dictionary,2015-03-01T00:00:00Z,18
Dictionary,2015-04-01T00:00:00Z,17
Dictionary,2015-05-01T00:00:00Z,15
Dictionary,2015-06-01T00:00:00Z,13
Dictionary,2015-07-01T00:00:00Z,12
Dictionary,2015-08-01T00:00:00Z,13
Dictionary,2015-09-01T00:00:00Z,17
Dictionary,2015-10-01T00:00:00Z,16
Dictionary,2015-11-01T00:00:00Z,15
Dictionary,2015-12-01T00:00:00Z,14
Dictionary,2016-01-01T00:00:00Z,13
Dictionary,2016-02-01T00:00:00Z,13
Dictionary,2016-03-01T00:00:00Z,12
Dictionary,2016-04-01T00:00:00Z,12
Dictionary,2016-05-01T00:00:00Z,12
Dictionary,2016-06-01T00:00:00Z,9
Dictionary,2016-07-01T00:00:00Z,9
Dictionary,2016-08-01T00:00:00Z,9
Dictionary,2016-09-01T00:00:00Z,12
Dictionary,2016-10-01T00:00:00Z,12
Dictionary,2016-11-01T00:00:00Z,11
Dictionary,2016-12-01T00:00:00Z,13
Dictionary,2017-01-01T00:00:00Z,11
Dictionary,2017-02-01T00:00:00Z,11
Dictionary,2017-03-01T00:00:00Z,11
Dictionary,2017-04-01T00:00:00Z,10
Dictionary,2017-05-01T00:00:00Z,10
Dictionary,2017-06-01T00:00:00Z,8
Dictionary,2017-07-01T00:00:00Z,8
Dictionary,2017-08-01T00:00:00Z,9
Dictionary,2017-09-01T00:00:00Z,10
Dictionary,2017-10-01T00:00:00Z,12
Dictionary,2017-11-01T00:00:00Z,11
Dictionary,2017-12-01T00:00:00Z,10
Dictionary,2018-01-01T00:00:00Z,11
Dictionary,2018-02-01T00:00:00Z,11
Dictionary,2018-03-01T00:00:00Z,11
Dictionary,2018-04-01T00:00:00Z,10
Dictionary,2018-05-01T00:00:00Z,10
Dictionary,2018-06-01T00:00:00Z,9
Dictionary,2018-07-01T00:00:00Z,8
Dictionary,2018-08-01T00:00:00Z,9
Dictionary,2018-09-01T00:00:00Z,11
Dictionary,2018-10-01T00:00:00Z,11
Dictionary,2018-11-01T00:00:00Z,10
Dictionary,2018-12-01T00:00:00Z,9
Dictionary,2019-01-01T00:00:00Z,10
Dictionary,2019-02-01T00:00:00Z,10
Dictionary,2019-03-01T00:00:00Z,10
Dictionary,2019-04-01T00:00:00Z,10
Dictionary,2019-05-01T00:00:00Z,9
Dictionary,2019-06-01T00:00:00Z,8
Dictionary,2019-07-01T00:00:00Z,7
Dictionary,2019-08-01T00:00:00Z,9
Dictionary,2019-09-01T00:00:00Z,10
Dictionary,2019-10-01T00:00:00Z,13
Dictionary,2019-11-01T00:00:00Z,11
Dictionary,2019-12-01T00:00:00Z,10
Dictionary,2020-01-01T00:00:00Z,11
Dictionary,2020-02-01T00:00:00Z,11
Dictionary,2020-03-01T00:00:00Z,11
Dictionary,2020-04-01T00:00:00Z,12
Dictionary,2020-05-01T00:00:00Z,10
Dictionary,2020-06-01T00:00:00Z,10
Dictionary,2020-07-01T00:00:00Z,8
Dictionary,2020-08-01T00:00:00Z,9
Dictionary,2020-09-01T00:00:00Z,10
Dictionary,2020-10-01T00:00:00Z,9
Dictionary,2020-11-01T00:00:00Z,8
Dictionary,2020-12-01T00:00:00Z,8
Dictionary,2021-01-01T00:00:00Z,8
Dictionary,2021-02-01T00:00:00Z,8
Dictionary,2021-03-01T00:00:00Z,7
Dictionary,2021-04-01T00:00:00Z,7
Dictionary,2021-05-01T00:00:00Z,7
Dictionary,2021-06-01T00:00:00Z,7
Dictionary,2021-07-01T00:00:00Z,7
Dictionary,2021-08-01T00:00:00Z,6
Dictionary,2021-09-01T00:00:00Z,7
Dictionary,2021-10-01T00:00:00Z,7
Dictionary,2021-11-01T00:00:00Z,12
Dictionary,2021-12-01T00:00:00Z,7
Dictionary,2022-01-01T00:00:00Z,8
Dictionary,2022-02-01T00:00:00Z,8
Dictionary,2022-03-01T00:00:00Z,8
Dictionary,2022-04-01T00:00:00Z,8
Dictionary,2022-05-01T00:00:00Z,8
Dictionary,2022-06-01T00:00:00Z,8
Dictionary,2022-07-01T00:00:00Z,7
Dictionary,2022-08-01T00:00:00Z,7
Dictionary,2022-09-01T00:00:00Z,8
Dictionary,2022-10-01T00:00:00Z,8
Dictionary,2022-11-01T00:00:00Z,8
